<?xml version="1.0" encoding="UTF-8"?>
<project-private xmlns="http://www.netbeans.org/ns/project-private/1">
    <editor-bookmarks xmlns="http://www.netbeans.org/ns/editor-bookmarks/2" lastBookmarkId="0"/>
    <open-files xmlns="http://www.netbeans.org/ns/projectui-open-files/2">
        <group>
            <file>file:/C:/Users/mjenk/Documents/NetBeansProjects/MatthewJenkinsSoftware2/src/Utilities/Validations.java</file>
            <file>file:/C:/Users/mjenk/Documents/NetBeansProjects/MatthewJenkinsSoftware2/src/Controller/AddAppointmentController.java</file>
            <file>file:/C:/Users/mjenk/Documents/NetBeansProjects/MatthewJenkinsSoftware2/src/DAO/CustomerDAO.java</file>
            <file>file:/C:/Users/mjenk/Documents/NetBeansProjects/MatthewJenkinsSoftware2/src/Controller/ModifyAppointmentController.java</file>
        </group>
    </open-files>
</project-private>
